objectid,name,mail_phone,GEOID,tract_latitude,tract_longitude,lat,lon
9584,B & J Produce,8032454828,45009960200,+33.2528574,-080.9598246,33.303722,-81.0605
9585,Vance Farmers Market,8034923021,45075010300,+33.4385177,-080.4719225,33.442168,-80.421936
9588,Johns Island Farmers Market Chareston Collegiate School Campus,8438300866,45019002101,+32.7430103,-080.0840064,32.709194,-80.06504
9592,Allendale Open Air Market,8035844556,45005970400,+32.8745690,-081.3241455,32.9807319,-81.2687272
9594,Downtown Beaufort Farmers Market,(843)525-6162 OR (803)600-6049,45013000700,+32.4169450,-080.6897104,32.433228,-80.67861
9596,Four Seasons Produce Market,8438462777,45013000100,+32.5821594,-080.7263936,32.57233697,-80.74346734
9597,Moncks Corner Farmer's Market,8438994708,45015020506,+33.1834737,-079.9987130,33.1925269,-80.00321548
9598,Cross Community Center's Farmer's Market,8437532196,45015020101,+33.3435539,-080.1699561,33.363518,-80.19132
9599,Goose Creek Farmer's Market,8432248533,45015020804,+32.9757600,-080.0134479,32.97933,-80.02503
9601,Mount Pleasant Farmers Market,8438848517,45019004701,+32.7801651,-079.8675218,32.79136713,-79.87254835
9602,Charleston Farmers Market,8437247309,45019000700,+32.7893794,-079.9385460,32.787136,-79.93455
9603,Musc Farmers Market,8437929536,45019000600,+32.7850610,-079.9510689,32.785675,-79.946686
9604,James Island Presbyterian Church Fm Seeds Of Hope,843-795-3111,45019002002,+32.7340159,-079.9611767,32.717525,-79.964424
9605,King's Farm Market,8438693600,45019002300,+32.5734128,-080.3153210,32.581123,-80.334015
9606,Freshfields Village Green Farmers Market,8437686491,45019002105,+32.5750134,-080.1820452,32.606728,-80.14868
9610,St. George Farmers' Market,8435633032,45035010200,+33.1882779,-080.5663258,33.19376,-80.591576
9612,Jasper County Farmer's Market,(843)726-8127 or (843)717-3690,45053950202,+32.5364880,-080.8861724,32.4700522,-80.98781428
9613,Whittle Farm Market,8035339683,45075011800,+33.4920648,-081.1791302,33.493378,-81.269165
9614,Right Choice Fresh Start Farmer's Market,803-219-7009,45075011100,+33.5450483,-080.8457594,33.52709,-80.840004
9616,Otis Daise Sr. & Son Produce,8432636145,45013001102,+32.3630229,-080.5792222,32.35011,-80.61837
9621,North Charleston Farmers Market,8437405853,45019003600,+32.8778634,-079.9842690,32.8804352,-79.9860378
9622,George And Pink Vegetable Stand,8438692425,45019002300,+32.5734128,-080.3153210,32.540413,-80.27532
9623,West Ashley Farmer Market,,45019002900,+32.7894663,-079.9838555,32.78886422,-79.99098986
9624,Dora Farmer's Market,,45075011300,+33.4824862,-080.8596624,33.488434,-80.86363
9625,Sullivan's Island Farmer's Market,8438835744,45019004800,+32.7709494,-079.8311365,32.7595,-79.84218
9626,Sunday Brunch Farmers Market,843-580-2153,45019001901,+32.7470539,-079.9967682,32.762455,-79.98674
9629,Summers Corner,,45035010814,+32.9832119,-080.1343344,32.9888304,-80.1331216
9631,Stono Market And Tomato Shed Cafe,843-559-9999,45019002101,+32.7430103,-080.0840064,32.76281,-80.10647
9632,Geechie Boy Mill And Market,843-209-5220,45019002300,+32.5734128,-080.3153210,32.59729715,-80.34651891
9634,Main Road Farmers Market,843-442-9281,45019005600,+32.8010357,-080.0830664,32.80058012,-80.10879246
9635,Rest Park Farm,843-592-3535,45013000200,+32.5007617,-080.7468659,32.529583,-80.763626
9636,Gruber Farm,,45035010200,+33.1882779,-080.5663258,33.22512,-80.54004
9637,Hickory Bluff Berry Farm,,45015020102,+33.1909851,-080.2731373,33.258644,-80.33624
9638,Coastal Produce Market,,45035010700,+33.0271006,-080.1731660,33.02621,-80.17282
9639,Summerville Farmers Market,,45035010700,+33.0271006,-080.1731660,33.018215,-80.176414
9640,Hardeeville Farmers Market,843-227-4314,45053950300,+32.2481288,-081.0599775,32.282692,-81.075584
9641,The Market Village Of Wexford,,45013010300,+32.1728039,-080.7602214,32.15676,-80.75858
9642,Blackbird Market,843-559-0193,45019002101,+32.7430103,-080.0840064,32.715109,-80.0747488
9643,The Town Market On James Island,843-471-7845,45019002005,+32.7310699,-079.9132447,32.730595,-79.92819
9644,Nano Farms Farm Stand,843-471-7845,45019002003,+32.6854321,-079.9526678,32.71397541,-79.96489284
9645,Daniel Island Farmer's Market,843-971-4405,45015020403,+32.8630475,-079.9189550,32.862988,-79.90578
9646,Muddy Creek Farmers Market,910-376-1009,45029970700,+32.9441939,-080.4785182,32.9550869,-80.4867817
9647,Blue Pearl Farms,843-887-3554,45019005000,+33.0393507,-079.5734552,33.095863,-79.504005
9651,Fresh Future Farm,843-804-9091,45019004300,+32.8501669,-079.9673955,32.853558,-79.97053
9652,Jeremiah Fresh Produce,843-513-8923,45019002400,+32.7481866,-080.3518239,32.72189,-80.35039
9653,Legare Farms,8435590788,45019002103,+32.6727041,-080.0718045,32.67869,-80.0253
9654,Cordray Farms And Processing,843-766-7922,45035010801,+32.8955573,-080.2650986,32.843494,-80.27585
9656,Livingston Farms,803-568-3165,45075012000,+33.6313521,-081.0559758,33.66709,-81.11076
9660,Cheraw Farmers Market,843-910-4478 or 843-537-8425,45025950600,+34.5951251,-079.8967144,34.697075,-79.880295
9662,Dixon Produce,843-309-4262,45031010700,+34.3541929,-080.0756425,34.33919793,-80.08092849
9663,Veggie Patch,,45087030800,+34.8417937,-081.6902672,34.826454,-81.66745
9666,Split Creek Farm,8642873921,45007010800,+34.5681044,-082.8011252,34.580135,-82.803055
9673,Hartsville Farmers Market,843-383-3015,45031010600,+34.3700380,-080.0231357,34.374348,-80.07307
9678,Swamp Rabbit Cafe And Grocery,,45045002201,+34.8682367,-082.4358816,34.87056,-82.42151
9683,Garret And Son,8032705664,45003020302,+33.6120849,-081.7527523,33.635974,-81.737618
9684,Woods Market And Garden,8034439676,45003021203,+33.4860371,-081.7256873,33.514523,-81.72365
9685,Concord Market,864-245-3910,45007001100,+34.5418110,-082.6594195,34.5335,-82.66277
9687,South Greenville Farmers Market,,45045003303,+34.6918423,-082.3925094,34.70643,-82.391594
9688,South 5th Street Open Air Market,8433329300,45031010700,+34.3541929,-080.0756425,34.352055,-80.06945
9689,Angela's Fresh Market,8436515018,45051051302,+33.5809735,-079.0076889,33.58393,-79.00956
9691,Ann's Produce,8432342030,45051060101,+33.7554846,-079.0416290,33.7988,-79.01863
9692,Davis Produce,843-222-1971,45051051403,+33.6517690,-078.9651225,33.641197,-78.94856
9694,Myrtle Beach Produce,843-492-5012,45051050500,+33.7168113,-078.8665665,33.711468,-78.866776
9695,Mr Potato Head Produce,8439975717,45051080200,+33.9415985,-079.2327837,33.943336,-79.16382
9697,Bars Produce And Feed,8035439446,45063021017,+33.9403109,-081.1950024,33.934223,-81.21386
9699,P&D Old Country Store And Market,8035970063,45071950700,+34.2387054,-081.7797569,34.21765,-81.71485
9701,Laurens Produce,864-438-9214,45059920502,+34.5452035,-082.0223328,34.52364,-81.995
9702,Chattooga Belle Roadside Stand,(864) 647-9768,45073031100,+34.6726176,-083.1814126,34.671784,-83.106593
9706,Lourie Center Seeds Of Hope Farmer's Market,8037791971,45079002700,+33.9898359,-081.0174700,33.994938,-81.022575
9707,SC DHEC Seeds Of Hope Farmer's Market,,45079000700,+34.0177977,-081.0406649,34.02250505,-81.03736037
9709,Tree Of Life Congregation Seeds Of Hope Farmer's Market,8037872182,45079011102,+34.0472658,-080.9686788,34.052605,-80.95889
9710,Ashland United Methodist Church Seeds Of Hope Farmer's Market,8037985350,45063020510,+34.0357070,-081.1257529,34.040257,-81.12846
9711,Grace United Methodist Church Seeds Of Hope Farmer's Market,8037321899,45079010304,+34.0792076,-081.1443462,34.08054925,-81.14970208
9714,Shandon United Methodist Church Seeds Of Hope Farmer's Market,8032568383,45079002300,+34.0020465,-080.9868760,33.99746404,-80.99271395
9729,Carrols Produce - Hwy 501,8434216294,45051060405,+33.7922107,-079.0120361,33.8000194,-79.0055024
9733,Po Boys Produce,843-358-2513,45051080102,+34.0039385,-079.2072429,34.024743,-79.223407
9735,Ragan Orchards,(864) 472-5778,45083022801,+35.0670185,-082.0543873,35.083008,-82.058365
9736,Bellews Market,(864) 585-7726,45083021500,+34.9800448,-081.9284454,34.972836,-81.927284
9737,Woodruff Farmers Market,864 476 8154,45083023404,+34.8541635,-082.1139313,34.86075,-82.11373
9741,Union County Farmers Market,8644908609,45087030100,+34.7276446,-081.6274414,34.727394,-81.64858
9743,Ables Orchard,4043722375,45073030100,+34.8169487,-083.1735571,34.79793601,-83.27093588
9744,Hollifield's Orchard,8647105105,45073030100,+34.8169487,-083.1735571,34.77200296,-83.2589328
9754,Farm Fresh Market At Cold Creek,8036483592,45003021202,+33.5444436,-081.7430826,33.531048,-81.768817
9758,Aiken County Farmers Market,8032932214,45003021400,+33.5732059,-081.7228476,33.55833007,-81.70735069
9759,Abbeville Farmer's Market,864-366-9673,45001950400,+34.2280103,-082.3768866,34.1782,-82.37946
9760,Bob and Lisa's Produce,(864) 915-8918,45007010102,+34.7312026,-082.5183665,34.74844,-82.50188
9761,Carolina Belle,,45007010900,+34.5210374,-082.8802369,34.564594,-82.89642
9762,Callaham Orchards,864-338-0810,45007010402,+34.5777621,-082.5046973,34.576492,-82.48326
9763,Berry Acres,864-224-5441,45007012002,+34.4883851,-082.7367187,34.47677,-82.737274
9764,Hurricane Creek Farms,8642453910,45007001100,+34.5418110,-082.6594195,34.5335,-82.66277
9765,Happy Cow Creamery,864-243-9699,45045003202,+34.5463658,-082.3300569,34.614132,-82.354904
9767,Mccall's Produce Market,,45007011500,+34.4662024,-082.4055574,34.44586,-82.389946
9768,Pinebreeze Farm,,45045003202,+34.5463658,-082.3300569,34.604786,-82.36183
9770,Walker Century Farms Market,864-226-2668,45007010500,+34.6393655,-082.5726968,34.645054,-82.627625
9771,Palmetto Farmers' Market,,45007010401,+34.6216670,-082.4858460,34.61794233,-82.4798001
9772,White Plains Produce,,45007010500,+34.6393655,-082.5726968,34.67348,-82.53323
9773,Whitehall Produce,8647720045,45007011001,+34.4896667,-082.7909898,34.515984,-82.742294
9774,Chappell Farms,8035842565,45011970500,+33.1776388,-081.3817810,33.125602,-81.342418
9775,Sandy Acre Farm,8033000251,45011970400,+33.2281969,-081.2774271,33.26335,-81.322296
9776,City Of Barnwell Farmers Market,8032593317,45011970300,+33.2731810,-081.3721662,33.24511765,-81.36804511
9781,Gaffney Station Farmers Market,8644876244,45021970201,+35.0819573,-081.7015857,35.0767211,-81.6487039
9782,The Market At Cotton Hills Farm,8035814545,45023020400,+34.7811483,-081.2137768,34.7690879,-81.244448
9783,The Chester Market Of Cotton Hills Farm,8033854545,45023020200,+34.7003242,-081.2195686,34.70325,-81.21171
9784,Chester Farmers And Artisan Market,864-760-7082,45023020200,+34.7003242,-081.2195686,34.704487,-81.21376
9789,McLeod Farms Market,843-335-8611,45025950800,+34.4978789,-080.2561591,34.4672468,-80.2515827
9790,Mcleod Farms Roadside Market,1-877-789-9252 or 843-335-8335,45025950800,+34.4978789,-080.2561591,34.4672468,-80.2515827
9791,Pageland Farmers Market,803-672-5257,45025950101,+34.7587822,-080.4600952,34.7695939,-80.4005003
9792,Byrd's Little Market,(843)332-0262,45031010300,+34.4025818,-080.0722686,34.39558964,-80.06531986
9794,Ricks Produce,843-672-7307,45025950102,+34.7764444,-080.3532142,34.768116,-80.33274
9798,Cook's Farm,8032752970,45037970400,+33.7032284,-081.8705262,33.74585,-81.871956
9799,Jackies Market,8032751608,45037970400,+33.7032284,-081.8705262,33.679592,-81.873055
9802,Fairfield Farmers And Artisan Market,,45039960400,+34.3646209,-081.0494245,34.380736,-81.085275
9804,Mckenzie Farms & Nursery,8433894831,45041002400,+33.9317418,-079.8698900,33.91152,-79.84076
9805,Pee Dee State Farmers Market,8436655154,45041000101,+34.2251954,-079.8268928,34.241528,-79.81426
9806,Lake City Farmer's Market,8433741500,45041002202,+33.8389294,-079.7194929,33.87131,-79.75438
9809,Florence City Center FM,8436652047 x 1083,45041000900,+34.2077622,-079.7859632,34.19914,-79.77416
9811,Georgetown Farmers Market,843-839-4488,45043920302,+33.3895567,-079.2722447,33.365974,-79.28203
9812,Fountain Inn Farmers' Market,864-862-4421,45045003101,+34.7043385,-082.2045941,34.692986,-82.199974
9814,Fisher's Historical Taylors Shed,864-877-0443,45045002506,+34.9556129,-082.2709367,34.94799,-82.263054
9815,Fisher's Orchard at Dillard,864-877-2010,45045002503,+34.9060735,-082.2434794,34.9310214,-82.2498922
9816,Beechwood Farms,864-836-6075,45045003904,+34.9863586,-082.4422353,34.97016315,-82.43721198
9817,Tomato Vine,864-246-4062,45045002301,+34.8974078,-082.4242706,34.89634,-82.43233
9818,Little Eddie's Produce Stand,,45045003201,+34.6268187,-082.3335881,34.634087,-82.41248
9819,"Perdeaux Fruit Farm, Llc",(864) 895-0303,45045004002,+35.1209018,-082.4370760,35.105854,-82.37578
9820,Slow Food Upstate,,45045002201,+34.8682367,-082.4358816,34.87056,-82.42151
9821,Greenwood County Farmers Market,8642236305,45047970600,+34.1890147,-082.0906631,34.210182,-82.13422
9823,Uptown Market,8649428421,45047970400,+34.1698568,-082.2054546,34.190247,-82.16301
9825,Mount Vernon Farm Market,8437560104,45051020300,+34.0146550,-078.9590241,33.947235,-78.86625
9827,Tylers Produce,8433976362,45051070702,+33.8582633,-079.1752251,33.835175,-79.17022
9831,Conway Farmers Market,843-839-4488,45051070200,+33.8580120,-079.0476531,33.834408,-79.046936
9835,Little River Farmers Market,(843) 839-4488,45051040105,+33.8685828,-078.6258172,33.871815,-78.61051
9836,Kershaw County Farmers Market,8032204160,45055970800,+34.2226390,-080.5951484,34.24323,-80.60676
9837,521 Bait And Tackle,,45055970602,+34.3673741,-080.6043918,34.342705,-80.598
9838,Lancaster County Farmers Market,803-285-5545,45057011001,+34.7034846,-080.6749230,34.722206,-80.72224
9839,Main St. Laurens Downtown Farmers Market,864-984-2119,45059920400,+34.4928213,-082.0269534,34.49932215,-82.01448821
9840,Stewart Farms,864-969-7270,45059920501,+34.5996461,-081.9632935,34.63653,-82.011856
9842,Myrtle's Market,843-918-4906,45051050600,+33.7041378,-078.8898834,33.7078857,-78.8960955
9845,Market at Icehouse,803-358-7275,45063021029,+33.9709573,-081.2466290,33.98239,-81.23793
9846,Wayne Taylor Family Farms,8038922040,45063021305,+33.9090644,-081.4354958,33.9524,-81.4203
9848,Irmo Farmers Market,860-839-1023,45079010407,+34.0504530,-081.0900867,34.050555,-81.1025904
9851,James R Sease Farms 2,8033593276,45063021022,+34.0017338,-081.3138256,33.9932852,-81.3078267
9852,James R Sease Farms 1,8033593276,45063021306,+33.9408267,-081.3600200,33.96861,-81.38394
9853,Cayce Farmer's Market,8037911009,45063020604,+33.9431736,-081.0661216,33.950283,-81.078575
9854,Wingard's Market,8033599091,45063021025,+34.0423288,-081.2645246,34.018997,-81.222305
9855,Livingston Farms The Shack,803-568-0401,45063020803,+33.7271318,-081.1454574,33.766716,-81.10556
9856,"Randall's Produce & Lands, LLC",8033176500,45063021402,+33.9067406,-081.5379320,33.912346,-81.53492
9857,L & W Roadside Stand,8432455999,45067950600,+34.1309919,-079.3264614,34.15855,-79.38172
9858,Columbia State Farmers Market,8037374664,45063020706,+33.8938995,-081.0488163,33.904755,-81.065414
9859,Rabon Produce,8432695852,45067950300,+34.2326200,-079.2976317,34.21179,-79.25604
9860,The Produce Barn,843-287-4225,45069960100,+34.7356419,-079.8138182,34.722034,-79.86511
9862,Mcarthur Farms,843-479-3839,45069960200,+34.5638971,-079.7572819,34.6060187,-79.6851173
9863,Marlboro County Farmers Market,843-627-7113,45069960200,+34.5638971,-079.7572819,34.610863,-79.6809
9864,Mccormick County Farmers' Market,805-201-5150,45065920200,+33.9241259,-082.2468990,33.91289014,-82.2969623
9865,Mike's Produce,8032760125,45071950202,+34.2795093,-081.5635938,34.297672,-81.60963
9866,Chappells Nursery & Garden Center,8032713006,45071950700,+34.2387054,-081.7797569,34.177418,-81.86969
9867,Lever Farms Dreher Island Produce,8039240493,45071950602,+34.1483660,-081.4434453,34.118343,-81.44845
9868,Grow Newberry Farmers Market,8032764274,45071950202,+34.2795093,-081.5635938,34.274525,-81.62054
9870,Westminster Farmers Market,(864) 647-5316,45073031000,+34.6292891,-083.0946501,34.66618782,-83.09693456
9872,Mr.T's,,45073030402,+34.7635571,-083.0200613,34.774685,-83.02498
9874,Six Mile Farmers Depot,8646505078,45077010300,+34.8111934,-082.8049294,34.80361417,-82.81827828
9877,Walhalla Farmers Market,864-638-5889 x111,45073030401,+34.7713029,-083.0642802,34.766464,-83.06517
9878,Easley Farmers Market,8648557900,45077010801,+34.8349715,-082.6269605,34.83132533,-82.60516837
9880,Clemson Farmers Market,8646543918,45077011203,+34.6792351,-082.8023449,34.686493,-82.78774
9882,Soda City,,45079003100,+34.0078902,-081.0307786,34.00273,-81.03414
9884,City Roots,8032542302,45079002602,+33.9798771,-081.0027441,33.97795,-81.001434
9885,Ringo's Produce Market,8037830108,45079011902,+33.9545013,-080.7936169,33.94205,-80.779366
9886,Forest Acres Farmer's Market,8037829475,45079001200,+34.0124501,-080.9939685,34.01841,-80.99197
9887,Lake Carolina Farmers Market,8038738337,45079002800,+33.9821485,-081.0333383,33.9928298,-81.02685166
9889,Ridge Spring Farmers Market,8036456056,45053950202,+32.5364880,-080.8861724,32.482946,-80.984196
9890,Peaches N' Such I,803-685-7035,45081960400,+33.8896333,-081.6851220,33.86932,-81.593925
9891,Landrum Farmers' Market,864 457 6585,45083022600,+35.1735263,-082.1860038,35.175163,-82.189092
9894,Hub City Farmers Market,8645850905,45083020400,+34.9541386,-081.9489874,34.95639,-81.94221
9895,Hughey Farms,8648142002,45083022801,+35.0670185,-082.0543873,35.02166,-82.02638
9896,Inman Fresh Farmers Market,864 472 6200,45083022900,+35.0471492,-082.0859382,35.051827,-82.09024059
9897,Taylor Boys' Produce,8649694222,45083023700,+34.6789415,-081.9162707,34.69717,-81.934525
9898,Poteat's Produce,,45083022801,+35.0670185,-082.0543873,35.02904,-82.040474
9899,Downtown Sumter Farmers Market,(803) 436-2635,45085002000,+33.9296368,-080.3508768,33.92078,-80.34723
9903,Springs Farm Farm Market,8035483939,45091061008,+35.0473511,-080.9171559,35.041954,-80.916534
9904,South Forty Farm,7045753550,45091061707,+35.1328855,-081.0658123,35.13519,-81.08265
9905,The Peach Tree,8036288514,45091061501,+35.0340052,-081.2596548,35.0472,-81.25491
9906,Blacks Peaches,8036842333,45091061501,+35.0340052,-081.2596548,35.023045,-81.27895
9907,Bush N Vine - Lake Wylie,8036842732,45091061707,+35.1328855,-081.0658123,35.108326,-81.042755
9908,Bush N Vine - York,8036842732,45091061501,+35.0340052,-081.2596548,35.036926,-81.25567
9909,Bush N Vine - Rock Hill,8036842732,45091060700,+34.9606397,-081.0380086,34.954773,-81.0449
9910,Windy Hill Orchard,8036840690,45091061501,+35.0340052,-081.2596548,35.023582,-81.27954
9911,Boyd Farms,8033293384,45091061403,+34.9101147,-081.1249061,34.86648,-81.140526
9913,Peach Stand,803-547-7563,45091061004,+35.0120768,-080.9768143,35.0194808,-80.95782076
9914,Old Town Farmers Market,,45091060300,+34.9144554,-081.0197342,34.925877,-81.02208
9915,Chattooga Belle Farm,(864) 647-9768,45073030100,+34.8169487,-083.1735571,34.766758,-83.267654
9916,Bryson's Apple Orchard,8646479427,45073030100,+34.8169487,-083.1735571,34.808533,-83.26373
9917,Anderson Farmers' Market,,45007000700,+34.4939131,-082.6616905,34.50111,-82.651344
9920,Travelers Rest Farmers' Market,864-610-0965,45045003904,+34.9863586,-082.4422353,34.95482905,-82.44575184
9924,Blythewood Farmers Market,8436971733,45079010104,+34.2216804,-080.9019379,34.2145,-80.97124
9925,Belue Farms Natural Market,864 578 0446,45083022403,+35.0591273,-081.9183544,35.028244,-81.95005
9926,Sandhills Farmers Market,8037885700,45079011415,+34.1482481,-080.8586460,34.12991,-80.87223
9927,Mauldin Open Air Market,864-297-4826,45045002903,+34.7787267,-082.2934095,34.79171,-82.28695
9928,Taylors Farmers Market,,45045002604,+34.9153567,-082.2848315,34.92005,-82.28643
9929,Greer Farmers Market,,45045002505,+34.9340064,-082.2349844,34.936584,-82.22604
9934,Indoor Farmers Market At Forx Farm,864-328-1475,45007012200,+34.3981509,-082.7484339,34.469944,-82.7704
9937,Calhoun Fall Farmers' Market,864-418-8512,45001950600,+34.1246804,-082.5850722,34.092973,-82.595006
9942,Greenville State Farmers Market,864-224-4023,45045001101,+34.8804194,-082.3786068,34.882896,-82.38036
9943,Howell Specialty Farmz,704-619-8792,45057011201,+35.0020502,-080.8717949,34.97153,-80.83675
9946,Lemmons Farms,864 489 0860,45021970100,+35.1031978,-081.7809925,35.071957,-81.76121
9947,Pick Of The Season,864 542 4247,45083022404,+35.0884832,-081.9881342,35.107254,-82.04011
9948,The Peach Shed,864 839 6913,45021970201,+35.0819573,-081.7015857,35.08202,-81.717674
9949,The Garden Spot Produce,864 480 9393,45021970502,+35.0611810,-081.6288145,35.070389,-81.642199
9950,Abbott Farms,864 480 9886,45021970202,+35.1437371,-081.6698882,35.09957,-81.67109
9952,Zach's Produce,803-622-4843,45063021017,+33.9403109,-081.1950024,33.94797,-81.23486
9953,Battleground Produce,864 492 2485,45021970100,+35.1031978,-081.7809925,35.14341,-81.81958
9954,The Peach Basket,864 592 1567,45083022401,+35.1476875,-082.0394651,35.132145,-82.04436
9955,Allison's Produce,8642197949,45021970502,+35.0611810,-081.6288145,35.058388,-81.640945
9956,Buford St. Drug Store Produce Stand,864 488 3036,45021970201,+35.0819573,-081.7015857,35.07292529,-81.6513129
9957,Holliday's Veggie Patch,,45007011402,+34.5256364,-082.4416280,34.53729,-82.43342
9959,Calhoun County Council On Aging Farmer's Market,803-874-1270,45017950200,+33.6883735,-080.8061167,33.6732079,-80.7767554
9960,Colleton County Museum And Farmers Market,(843) 549-2303,45029970500,+32.9053462,-080.6718142,32.9040069,-80.661134
9961,Richland Library Sandhills Farmers Market At R2I2,803-231-6365,45079011418,+34.1299753,-080.8929715,34.12792,-80.8829
9962,Richland Library Main,803-929-3447,45079003100,+34.0078902,-081.0307786,34.003914,-81.03674
9964,Mikell's Fruit Roadside Stand,,45013000200,+32.5007617,-080.7468659,32.484924,-80.74147
9965,Penn Center Farmer's Market,,45013001102,+32.3630229,-080.5792222,32.389095,-80.57652
9966,Freewoods Farm Market House,843-650-2064,45051051605,+33.6150143,-079.0285564,33.637535,-79.04907
9968,North Myrtle Beach Farmers Market,843-839-4488,45051040300,+33.8340470,-078.6677196,33.82705354,-78.68230008
9971,Sellers Farm Produce- Chesterfield,,45025950400,+34.7255811,-080.1008750,34.737186,-80.10562
9973,Lee County Farm And Garden Market (Ace Hardware Site- Bishopville),803-229-2679,45061920200,+34.2712347,-080.3181752,34.204326,-80.270365
9976,Robert Farm Market Produce,No Phone,45033970400,+34.3943810,-079.3862993,34.3928487,-79.38451088
9983,Us Hwy 1 Mcleod Market,843-335-8340,45025950800,+34.4978789,-080.2561591,34.48943,-80.24641
9987,Jacobs Fresh Market,843-253-3525,45025950502,+34.7080062,-079.9249608,34.691235,-79.90306
9993,King Mackerel,803-259-4037,45011970300,+33.2731810,-081.3721662,33.27357339,-81.38502975
9997,American Legion Post 15 Farmers Market (Newmans Farm House),(803) 983-3249,45085001300,+33.9165836,-080.3525729,33.91779874,-80.36048906
10002,Sumter Farmers Market,,45085000902,+33.9307112,-080.3812259,33.93248,-80.37287
10004,Turkey Creek Bee Farmers Market,803-795-9289,45085001600,+33.8878170,-080.3407342,33.888953,-80.350954
10005,Farm Fresh Produce,,45085000901,+33.9483910,-080.3732220,33.929024,-80.366425
10006,South Sumter Farmers Market,803-774-7776,45085001500,+33.9057056,-080.3508863,33.910115,-80.341042
10007,Owens Field Farmers Market,,45079002602,+33.9798771,-081.0027441,33.976883,-81.00142
10008,Latham's Produce,,45063020300,+33.9896272,-081.0628508,33.990784,-81.06783
10009,Zack's Produce And Flowers,803-622-4843,45063020505,+33.9923387,-081.0921352,33.9845405,-81.0919788
10010,Cottle Strawberry Farm,803-695-1714,45079011606,+33.9661291,-080.9005535,33.946983,-80.90267
10014,Jordan Fresh Farms,803-448-4475,45023020800,+34.7511502,-080.9358989,34.748672,-80.90065
10016,Old Town Farmers Market At Legal Remedy Brewing,,45091060501,+34.9325443,-081.0382008,34.930004,-81.02396
10018,Sara's Fresh Market,803-642-1133,45003020200,+33.6685580,-081.6441212,33.660263,-81.67451
10819,Marion Farmers' Market,843-423-9891,45067950600,+34.1309919,-079.3264614,34.180344,-79.40025
10821,Herbie's Produce at Sparky's,8434304814,45067950600,+34.1309919,-079.3264614,34.113598,-79.3405
11221,Indigo Farms Market,843-399-6902,45051040104,+33.8868648,-078.6108585,33.92593178,-78.6320316
11225,Mary Beth's Sustainable Foods,843-458-9009,45043920503,+33.4766920,-079.1281755,33.44674014,-79.12160671
11624,Chops Produce and Community Cannery,843-248-1784,45051070300,+33.8534671,-079.0653864,33.8337767,-79.05920257
12019,"Patchwork Farm, LLC",,45081960100,+34.1172525,-081.7462622,34.084667,-81.68767
12822,Lee Co. Farmers Market - Jared's Ace Hardware,8032292679,45061920200,+34.2712347,-080.3181752,34.204326,-80.270365
13619,Williams Vineyard and Farm,8433828251,45089970400,+33.6085250,-079.5803964,33.66822,-79.59543
14019,Ware Shoals Farmers Market,864-456-7478,45047970102,+34.3181322,-082.2696150,34.398033,-82.24598
14020,Crescent Farms,802-380-0605,45059920800,+34.4227328,-081.8992407,34.454931,-81.876649
14022,Highway 221 South Peanuts and Produce,,45059921001,+34.3629151,-082.0389254,34.384967,-82.052464
14023,Mile Creek Farm and Produce,864-723-4955,45077010300,+34.8111934,-082.8049294,34.823795,-82.8393
14024,Winslett's Produce Market,864-855-1176,45077010804,+34.8226519,-082.5830564,34.82318,-82.56093
14420,Barefoot Farms of Belton,864-338-3276,45007010402,+34.5777621,-082.5046973,34.548313,-82.45879
14821,McClellanville Land and Sea Market,,45019005000,+33.0393507,-079.5734552,33.098907,-79.46836
14822,East Cooper Community Outreach,,45019004610,+32.8245244,-079.7688751,32.839806,-79.81519
15219,Celadonâ€™s Flea & Farmers Market,843 884 7005,45019005500,+32.8532338,-079.9554747,32.86549582,-79.9710757
16019,Fairfield Farmers and Artisans Market,803-627-0489,45039960300,+34.3424663,-080.9219134,34.30887865,-80.96213356
18419,USC Farmers Market (Dorr Farms),(803) 495-2639,45085000902,+33.9307112,-080.3812259,33.93248,-80.37287
18819,USC Farmers Market (Wildfire Farms),(803) 499-1749,45085000902,+33.9307112,-080.3812259,33.93248,-80.37287
19219,American Legion Farmers Market (Newmans Farm House),(803) 983-3249,45085001300,+33.9165836,-080.3525729,33.91779874,-80.36048906
19220,American Legion Farmers Market ( M & M Farms),(803) 486-5357,45085001300,+33.9165836,-080.3525729,33.91779874,-80.36048906
19221,American Legion Farmers Market (Munoz),(843) 598-4701,45085001300,+33.9165836,-080.3525729,33.91779874,-80.36048906
19222,American Legion Farmers Market (Harris Naturally Grown,(843) 992-3780,45085001300,+33.9165836,-080.3525729,33.91779874,-80.36048906
19619,USC Farmers' Market (The Veggie Patch),(803) 206-6480,45085000902,+33.9307112,-080.3812259,33.93248,-80.37287
20019,Sal's Ol' Timey Feed and Seed,803-786-6546,45079010702,+34.0951978,-081.0058934,34.090275,-81.011375
9587,Pasture Shed Farm,8435217063,45013001101,+32.4230434,-080.5098578,32.40202193,-80.555966
9590,S & S Produce,803-747-4560,45009960200,+33.2528574,-080.9598246,33.29783776,-81.03747796
9591,Rosebank Farm,8437680508,45019002103,+32.6727041,-080.0718045,32.61777458,-80.15422315
9593,Port Royal Farmers Market,(843)470-0699 OR (843)492-2211,45013000800,+32.3847275,-080.6965888,32.39002552,-80.68682212
9595,Farmer's Market Of Bluffton,8434152446,45013002107,+32.2608068,-080.8659839,32.2374171,-80.86239822
9607,Branton Produce,8438873126,45019005000,+33.0393507,-079.5734552,33.11136056,-79.46049426
9608,Boone Hall Farms Market Produce Stand,8438844371,45019004608,+32.8973520,-079.7890349,32.85221178,-79.80639255
9609,Rivers Vegetable Market,8438759036,45035010504,+32.9855747,-080.2374595,33.0097321,-80.24109315
9611,Hampton County Farmer's Market,8039422324,45049920200,+32.8590563,-081.0106074,32.85834115,-81.09152242
9617,Marshview Farm,5129697300,45013001102,+32.3630229,-080.5792222,32.34762517,-80.58450852
9618,Dempsey Farms,8438383656,45013001102,+32.3630229,-080.5792222,32.32828611,-80.60545881
9620,Barefoot Farms,8438387421,45013001101,+32.4230434,-080.5098578,32.40122042,-80.5704695
9627,Branchville Farmer's Market,8033471604,45075011700,+33.3176401,-080.8857594,33.25284535,-80.81533927
9633,Fields Family Farm,843-729-9606,45019002103,+32.6727041,-080.0718045,32.68285978,-80.02449962
9693,Jaw's Produce,843-457-5259,45051060301,+33.8542270,-078.8517314,33.8602987,-78.8163573
9713,Williamsburg County Farmers Market,8433569493,45089970502,+33.7051116,-079.7531332,33.66712055,-79.82096194
9719,Jackson's Peach Stand,(803) 637-3265,45003020302,+33.6120849,-081.7527523,33.59696669,-81.72536794
9725,Lee's Farmers Market,8436517398,45043920502,+33.5181934,-079.0806567,33.54168449,-79.04980241
9728,Carrols Produce - Enoch Road,8434216294,45051080200,+33.9415985,-079.2327837,33.90794395,-79.13365146
9730,Bobby's Produce,,45051080102,+34.0039385,-079.2072429,33.96230254,-79.18035726
9731,Dean's Produce,8432892395,45051080200,+33.9415985,-079.2327837,33.92114725,-79.15241357
9740,Mcdowell Farms,8649788158,45083022304,+35.1470996,-081.9381782,35.14806684,-81.97464167
9748,The Fruit Stand,,45027960400,+33.7237211,-080.3778775,33.76145785,-80.35865944
9749,Wildfire Farm,(803) 499-1749,45085000202,+34.0127661,-080.4618438,34.03341207,-80.46334124
9750,Matthews Produce,(352) 457-2238,45085000202,+34.0127661,-080.4618438,34.03341207,-80.46334124
9751,Bradley's Produce,(803) 774-5050,45085001300,+33.9165836,-080.3525729,33.92138973,-80.35960188
9752,Deaton Produce,,45085000901,+33.9483910,-080.3732220,33.95665351,-80.38381603
9769,Belton Farmer's Market,,45007011402,+34.5256364,-082.4416280,34.52804217,-82.49586968
9778,Iva Farmer's Market,,45007011700,+34.3109700,-082.6793835,34.30671403,-82.66390094
9779,Pendleton Farmers' Market,,45007010700,+34.6422416,-082.7791119,34.65214911,-82.78410114
9793,Manning Farmers Market,8034358477,45027960500,+33.7032431,-080.2749535,33.69627544,-80.20922248
9796,Williams Produce,8437743610,45033970100,+34.5280750,-079.4228841,34.47650334,-79.40174047
9797,Johnston Farmers Market,8032750010,45037970300,+33.7963576,-081.7706297,33.83125671,-81.80194366
9801,Edgefield Farmers' Market,8035070278,45037970202,+33.8472526,-081.9454445,33.79137819,-81.92903228
9803,Lambs Produce,8436656604,45041001400,+34.1570461,-079.7798661,34.16783112,-79.76430551
9810,Farmer Ed's Produce,843-264-5241,45043920202,+33.5087031,-079.4737419,33.44747286,-79.55136575
9813,Simpsonville Farmers' Market,,45045003010,+34.7569276,-082.2476429,34.73918772,-82.25067479
9822,Early Bird Farms,8649427566,45047970101,+34.3088563,-082.1849097,34.35403784,-82.21780764
9824,Bellamy Farms,8437566741,45051030101,+33.9968965,-078.7814877,34.00741668,-78.76207107
9826,Holmes Farms Produce,8437562378,45051020300,+34.0146550,-078.9590241,33.9970017,-78.86627547
9834,Coastal Carolina University (CCU) Farmers Market,843-839-4488,45051060405,+33.7922107,-079.0120361,33.79626665,-79.00764925
9841,Market Common Farmers Market,843-839-4488,45051980100,+33.6782314,-078.9302466,33.67080881,-78.93922846
9843,Surfside Beach Farmers Market,843-839-4488,45051051201,+33.6145803,-078.9706701,33.60839004,-78.97462174
9850,Rawl's,8033594415,45063021022,+34.0017338,-081.3138256,33.97954115,-81.33170187
9869,A & M Produce,8647236252,45073030902,+34.5674445,-082.9778172,34.54215975,-82.98020215
9871,Foothills Heritage Market,(864) 972-3192,45073030601,+34.7033834,-082.9775697,34.67010754,-83.02340341
9873,The Happy Berry,8643509345,45077010200,+34.8872872,-082.8369628,34.84093172,-82.8699442
9875,Lever Farms,8033215952,45071950100,+34.3277733,-081.4594005,34.36029233,-81.47419858
9876,Seneca Farmer's Market,8648852726,45073030601,+34.7033834,-082.9775697,34.68665033,-82.95125958
9892,Hub City Farmer's Market - Wall St.,8645850905,45083021200,+34.9509248,-081.9167596,34.95040034,-81.93275434
9893,"Strawberry Hill, Usa",8644617225,45083022304,+35.1470996,-081.9381782,35.15089924,-81.95369474
9921,TD Saturday Market,,45045000200,+34.8478319,-082.3974862,34.85088821,-82.39940161
9923,3 Oaks Farm,8643244231,45073031000,+34.6292891,-083.0946501,34.66995638,-83.05820207
9931,Robby's Roadside Market,,45063021204,+34.1597134,-081.3343000,34.15828467,-81.33910324
9932,Bewell Mauldin Market,,45045002903,+34.7787267,-082.2934095,34.78105548,-82.30639574
9935,The Richburg Market Of Cotton Hills Farm,8033794545,45023020700,+34.7364624,-081.0291076,34.75191725,-81.05231754
9938,Salem Open Air Market,,45073030200,+34.9536664,-082.9849556,34.89179359,-82.97765641
9940,Carolina Fresh Market And More,864-847-1692,45007010500,+34.6393655,-082.5726968,34.64942107,-82.5242305
9941,Fisher's Orchard Pick Your Own Farm,864-895-4115,45045002402,+35.0071671,-082.2654592,35.03046675,-82.23343697
9945,Craven's Produce,864-684-0255,45059920700,+34.4682270,-081.9191816,34.47080901,-81.89783091
9972,Maria's Produce,,45025950300,+34.7507742,-080.2423477,34.77032805,-80.23995284
9975,Carroll's Produce Stand,No Phone,45067950600,+34.1309919,-079.3264614,34.12061841,-79.35456183
9984,Sellers Farm Produce - Mt Croghan,843-517-1201,45025950300,+34.7507742,-080.2423477,34.77032805,-80.23995284
9991,Pop Up Farmers Market,843-845-2875,45033970300,+34.4536751,-079.4414521,34.41736512,-79.37254198
10003,Rembert Farmers Market,803-236-4441,45085000100,+34.0878288,-080.5369525,34.09796064,-80.53540428
10017,Homestead Farmers Market,,45079011411,+34.1087411,-080.9119775,34.09620946,-80.92399141
11224,BELL FARMS PRODUCE,843-399-9513,45051030103,+33.9640860,-078.7323431,33.93899171,-78.73336011
11625,Mikes Produce and Seafood,843-497-2926,45051050200,+33.7725679,-078.7856627,33.77092574,-78.78873702
11626,Rivers Edge Market,843-283-9944,45051020200,+34.0490659,-078.8433664,34.04928744,-78.83446233
13620,Baker Produce and More,864-506-5511,45077011203,+34.6792351,-082.8023449,34.66084233,-82.81392171
14823,Freeman's Fresh Produce,843-693-7894,45019002103,+32.6727041,-080.0718045,32.64751665,-80.1423936
14824,Bone Hall Plantation and Garden,843-856-5366,45019004608,+32.8973520,-079.7890349,32.85307411,-79.80545841
